"LXV7T5sUw9sXTPi5b38bui","大自然がくれた豆乳","","5392","Food","2008-07-01 17:20:15","2008-07-01 17:20:15"
"fVFvuHMRiBdTD2xiT2rJWR","純正チョコレート","","5833","Food","2010-12-25 20:24:22","2010-12-25 20:24:22"
"3DuWG2t6jJhCNsMcrapwB6","エクストラマーガリン","","240","Food","2005-04-13 23:54:48","2005-04-13 23:54:48"
"4WkskbaS8nZSiddVQFqvzF","健やか塩","","7439","Food","2010-07-13 01:58:37","2010-07-13 01:58:37"
"urxTxiDnWSW8YLUwuvbGpE","料理用バター","","76","Food","2009-07-15 10:43:40","2009-07-15 10:43:40"
"nP4GBuCTMGYNAbTyxnD643","からだにやさしいコーヒー牛乳","","4379","Food","2005-03-30 21:24:11","2005-03-30 21:24:11"
"Qi6hEpnZKxNGnDxuGKG77h","デリシャス紅茶","","3172","Food","2003-08-04 13:04:22","2003-08-04 13:04:22"
"fSa4MERqaZyhzYhEpVu6h3","徳用ジャム","","1407","Food","2000-06-23 18:39:14","2000-06-23 18:39:14"
"BLC7L4hZJNhnoHzPRjhpCX","奇跡の抹茶","","4314","Food","2006-03-08 07:08:12","2006-03-08 07:08:12"
"hmT7bi23CnSo28egzbB6fN","高級お茶","","7676","Food","2000-05-02 21:17:34","2000-05-02 21:17:34"
"xkNFyJCE4fnZCFdZbzxJNa","極上コーヒー","","1840","Food","2002-07-06 19:29:00","2002-07-06 19:29:00"
"VfarJPM5ktYP9aoer533GF","プレミアム牛乳","","2429","Food","2008-11-25 17:24:57","2008-11-25 17:24:57"
"qp2TuDTZSWXPk4WirKJfu5","最高級お酢","","5070","Food","2009-01-26 10:18:00","2009-01-26 10:18:00"
"AgrzHRLSYmBiAbdwR4QmPi","オリジナルガーリック","","8336","Food","2005-05-05 14:13:56","2005-05-05 14:13:56"
"NPVdiC7ANPzQcqNBfJvbzj","フレッシュチーズ","","2132","Food","2007-11-03 17:00:25","2007-11-03 17:00:25"
"VhXVSntqZpj2j6eTiLUD2h","デラックスミネラルウォーター","","2276","Food","2006-02-01 02:47:43","2006-02-01 02:47:43"
"4Kr8zqAyCv9bVHkCTjU92Q","みんなの粉チーズ","","1664","Food","2003-07-15 12:01:09","2003-07-15 12:01:09"
"Ni874t9eyujwY3awPJN49U","極旨スライスチーズ","","998","Food","2003-11-21 18:01:48","2003-11-21 18:01:48"
"8gviQHBKuiNRWxP5YAfTXo","天然ウーロン茶","","5579","Food","2009-07-19 11:01:33","2009-07-19 11:01:33"
"jW9XZP5N4WMCKLKbBQ6SsM","ヘルシー緑茶","","982","Food","2009-08-02 15:42:12","2009-08-02 15:42:12"
"uQFFBjsfBLBAe8rcRgzJUP","熟成オリーブオイル","","1148","Food","2001-02-03 15:56:33","2001-02-03 15:56:33"
"ME6wiJuR5R9eRB5RwSCe2Y","ミルキースライスチーズ","","1226","Food","2004-08-28 18:27:45","2004-08-28 18:27:45"
"H9vbRGfztVtDHYJHFrseuC","大自然のミネラルウォーター","","8408","Food","2010-09-10 16:29:07","2010-09-10 16:29:07"
"2zY6ejEsDh3p6c34Mo4Cqg","健康粉チーズ","","8255","Food","2010-04-05 05:39:28","2010-04-05 05:39:28"
"jaDMBoqBeP5hcqqFc9fGmE","おいしいジャム","","4159","Food","2009-05-02 08:40:58","2009-05-02 08:40:58"
"jJLTX8VYsnH2bes6QPxm9F","今までなかった緑茶","","4314","Food","2000-10-12 08:24:57","2000-10-12 08:24:57"
"HB5WZoYDkktGgL5FCaygpd","からだよろこぶ豆乳","","3750","Food","2007-07-31 17:56:46","2007-07-31 17:56:46"
"YTi2idADDN8gaUgkXH3yvc","天然バター","","1038","Food","2006-04-08 14:15:58","2006-04-08 14:15:58"
"3wKq4BUUMCfB9AFeNwBX4K","ヘルシースライスチーズ","","1517","Food","2008-04-30 18:55:57","2008-04-30 18:55:57"
"pTkWcAP9eWtEuCh3tLoCUf","エクストラお酢","","4095","Food","2007-01-14 04:49:30","2007-01-14 04:49:30"
"5ASYK9nSxR554cqkUsZZb9","奇跡のウーロン茶","","6616","Food","2006-02-04 21:08:58","2006-02-04 21:08:58"
"vsmitKtkkdSR3GmFHJTSFc","徳用ジャム","","8990","Food","2000-07-16 05:42:18","2000-07-16 05:42:18"
"pBZ8Ni2vuUT73ED98tAUbT","大自然の牛乳","","7819","Food","2005-12-12 21:33:56","2005-12-12 21:33:56"
"a3gwFVrD4QtvkRcmmTEW7M","健やか粉チーズ","","2413","Food","2008-04-12 08:37:52","2008-04-12 08:37:52"
"DkigcAp3jwserZfohg3Dh8","デリシャスチーズ","","5946","Food","2000-02-21 02:01:08","2000-02-21 02:01:08"
"bLwYpubVSywCZYn4gEsEub","健康紅茶","","5798","Food","2001-12-19 03:30:08","2001-12-19 03:30:08"
"tJqabjqQJR9QZyudVRUjn","大自然の緑茶","","4601","Food","2010-07-21 16:31:14","2010-07-21 16:31:14"
"ukkxoP9HGHTBfgyGRQpWYk","ヘルシーチョコレート","","554","Food","2009-12-27 07:18:02","2009-12-27 07:18:02"
"UkxSRuejivJpFmfaAwuCwc","今までなかったコーヒー","","9086","Food","2006-03-20 22:08:01","2006-03-20 22:08:01"
"kVmmyzWVC2DF9oWpwiqEpJ","おいしい牛乳","","8109","Food","2004-12-03 10:33:16","2004-12-03 10:33:16"
"Q65SWLgCmEKZfCdJjx3ebd","奇跡のお酢","","8326","Food","2004-10-31 09:10:59","2004-10-31 09:10:59"
"pqtTH8PXoWymxrdJ3JrP5V","健やか緑茶","","95","Food","2008-03-20 18:21:51","2008-03-20 18:21:51"
"uUSRHS6Lwj7JVbVJpMeoqQ","オリジナルジャム","","1163","Food","2000-03-22 00:17:44","2000-03-22 00:17:44"
"WrmcYNpFaJt9A6HdMLREDP","天然コーヒー","","3661","Food","2007-08-18 08:46:05","2007-08-18 08:46:05"
"UhRY7cMyrdtSmBCquU6wBK","熟成ガーリック","","4706","Food","2007-08-01 17:21:54","2007-08-01 17:21:54"
"6GAEcBcxHfou2RawNyzDq5","今までなかったガーリック","","3333","Food","2010-06-08 07:30:20","2010-06-08 07:30:20"
"JwYN327kPV3cujz2F7XjJa","極上マーガリン","","5254","Food","2009-06-03 09:37:05","2009-06-03 09:37:05"
"HrdV3wjc2PFx23nBQguFNG","料理用牛乳","","2631","Food","2008-03-12 06:43:15","2008-03-12 06:43:15"
"L7q2GsaM9ZeXS6qVXdAK9R","天然バター","","7119","Food","2004-03-12 19:35:33","2004-03-12 19:35:33"
"hnGffo6k5fmdYu2eY4LtBE","おいしい抹茶","","4972","Food","2001-09-17 10:57:14","2001-09-17 10:57:14"
"ezQBt6adv6pNb7Uvfd6opS","料理用チョコレート","","8103","Food","2003-06-09 06:27:42","2003-06-09 06:27:42"
"4LU9gCN6ApGP42xJj4u7yB","フレッシュ豆乳","","7728","Food","2000-02-20 01:21:37","2000-02-20 01:21:37"
"edLGXB3pVXECJsbfnVhuyd","デラックス抹茶","","4195","Food","2001-06-15 19:48:11","2001-06-15 19:48:11"
"8nYpqTn5CVKarXyr3SZdA6","料理用ガーリック","","5037","Food","2010-08-13 02:47:18","2010-08-13 02:47:18"
"Y7wJyPtuYXtuoF6wsTwmQS","みんなの粉チーズ","","3105","Food","2009-01-14 18:12:26","2009-01-14 18:12:26"
"CshnwPngMrEnxHNSNq6dJb","高級お酢","","9206","Food","2002-02-19 13:42:46","2002-02-19 13:42:46"
"tkMfFbwBibK8b25hiBbXMA","オリジナルバター","","8033","Food","2003-09-09 04:35:15","2003-09-09 04:35:15"
"r777ewBkVf4MUu8tKch45j","今までなかった緑茶","","834","Food","2010-06-05 01:53:32","2010-06-05 01:53:32"
"37NctteN6jGaEZfwhuNvvh","奇跡の紅茶","","3569","Food","2009-06-08 02:02:49","2009-06-08 02:02:49"
"nvpu3dvU4ABoRk62ebLzZ5","みんなのオリーブオイル","","8524","Food","2004-12-26 07:49:01","2004-12-26 07:49:01"
"93LYMGj4bzoJj2MWzbcBwX","極上コーヒー牛乳","","7841","Food","2009-06-27 06:09:19","2009-06-27 06:09:19"
"SoJ923QQZnFqCRZFWRi4cj","デラックス緑茶","","2939","Food","2007-04-30 04:43:43","2007-04-30 04:43:43"
"CyhEF9moZGzjTLFpUTFSWi","からだよろこぶ抹茶","","8830","Food","2004-11-26 14:05:32","2004-11-26 14:05:32"
"U5WnpGWNUw4HHAsHox4Kbf","デラックスバター","","8641","Food","2001-09-09 13:16:37","2001-09-09 13:16:37"
"9iMXPacdEdSHnmYcikcFoP","健康チョコレート","","8111","Food","2000-04-03 05:14:01","2000-04-03 05:14:01"
"6DmWN3exZuuuFcWiWtZCLG","からだにやさしいオリーブオイル","","3550","Food","2004-07-10 21:50:59","2004-07-10 21:50:59"
"7rdoDjUrpLgmazVL9oChcn","みんなのチーズ","","2361","Food","2003-12-27 18:00:17","2003-12-27 18:00:17"
"kVJ6oaMwiAWXvZBaJWJeHn","大自然のオリーブオイル","","1432","Food","2005-04-26 23:44:32","2005-04-26 23:44:32"
"e8ZsgU5gMgTM4QaA2Z2gVS","ミルキー豆乳","","488","Food","2002-04-22 15:00:40","2002-04-22 15:00:40"
"XUaGbUvZUf3RvRPYyFDp7U","からだにやさしい抹茶","","1431","Food","2009-03-05 12:21:55","2009-03-05 12:21:55"
"p9VCYXgQNpdECiDSSNi8oZ","大自然がくれた粉チーズ","","1923","Food","2005-07-30 03:40:26","2005-07-30 03:40:26"
"qbube6ztiRcftw2uLqrNJU","ミルキーマーガリン","","2570","Food","2005-05-29 12:08:12","2005-05-29 12:08:12"
"tCUePP87a2Nyto55ZfDAjC","極旨緑茶","","306","Food","2001-03-01 00:46:16","2001-03-01 00:46:16"
"wrcCzWvm2c6tqRRnkUBRXf","デラックスチョコレート","","8888","Food","2001-08-02 13:17:12","2001-08-02 13:17:12"
"XBneouqYaPmMYtQR7cerb8","オリジナルチーズ","","4328","Food","2003-01-12 21:32:25","2003-01-12 21:32:25"
"Pu7bUGXC7WB8Mwe4FKiZtf","大自然のお茶","","3316","Food","2002-08-02 13:56:04","2002-08-02 13:56:04"
"o3LU8kS9gEbTSZmznnp6mH","熟成コーヒー牛乳","","6479","Food","2005-11-15 04:26:59","2005-11-15 04:26:59"
"oFG9sknZRMARJoadGw4VRU","純正粉チーズ","","8057","Food","2006-06-01 06:12:59","2006-06-01 06:12:59"
"wg9dTCnQexki7wBy23jEfZ","エクストラコーヒー","","2991","Food","2003-11-02 05:08:24","2003-11-02 05:08:24"
"5fSCEtzPYRqWet6M8aeVRj","今までなかったオリーブオイル","","344","Food","2000-04-13 06:14:37","2000-04-13 06:14:37"
"7urXuFXSTecXQqcJYMUp4o","最高級ガーリック","","2136","Food","2005-05-07 04:27:53","2005-05-07 04:27:53"
"KZVJx5jXhXsHVEEaVXa7W9","からだよろこぶお茶","","8100","Food","2004-11-29 14:25:30","2004-11-29 14:25:30"
"7WTVFDKLeBH9mLdQU7VQD5","極旨牛乳","","2930","Food","2000-08-20 00:10:43","2000-08-20 00:10:43"
"gMZpFtjEBcZigpTPWW5xHU","純正抹茶","","5861","Food","2002-02-08 16:12:31","2002-02-08 16:12:31"
"jfGixcRXFmJTKGjeDSwYhf","からだにやさしいチーズ","","8776","Food","2009-07-29 16:53:20","2009-07-29 16:53:20"
"wTtvfwAuHyeBxeYNBsHieR","熟成マーガリン","","1199","Food","2003-07-08 05:57:54","2003-07-08 05:57:54"
"JYJhfSSRNkEsba7TBdFrxd","オリジナル抹茶","","3455","Food","2000-05-11 09:17:20","2000-05-11 09:17:20"
"KHLr2y4oahWWyLX48jFP6V","天然オリーブオイル","","797","Food","2002-12-16 17:28:55","2002-12-16 17:28:55"
"SEVYzDFyCRpvZkjyfVh9RZ","みんなのマーガリン","","59","Food","2005-05-09 11:14:20","2005-05-09 11:14:20"
"FKGuKTx5a5BycgKt6GC4uF","おいしいミネラルウォーター","","6546","Food","2004-11-10 23:32:14","2004-11-10 23:32:14"
"UdeNXa9zAkdJ7W5Fh6njb5","デラックススライスチーズ","","8599","Food","2001-03-04 04:43:28","2001-03-04 04:43:28"
"UbNTSrzKEJxhkPLzMd3Hq9","純正豆乳","","4736","Food","2006-04-09 00:27:40","2006-04-09 00:27:40"
"i7qKWPicNBL3GFzL4Sofz6","エクストラ豆乳","","4133","Food","2005-06-26 18:08:51","2005-06-26 18:08:51"
"fg4f9tvkPKpnw5YKgtsChk","今までなかったジャム","","2118","Food","2002-03-15 06:44:10","2002-03-15 06:44:10"
"pgrVwpUvo7DUVkkfCg73Lc","プレミアム抹茶","","6820","Food","2005-02-27 10:43:25","2005-02-27 10:43:25"
"pHG9iVQCQnruMPwAhj8C9c","ヘルシーチョコレート","","899","Food","2010-01-10 11:55:26","2010-01-10 11:55:26"
"LmUNxtyNNSqpcf9oLtzc9h","徳用スライスチーズ","","8992","Food","2004-12-19 06:15:14","2004-12-19 06:15:14"
"b9yVKyeuFfXw8rVVfgiqxQ","高級オリーブオイル","","5850","Food","2001-01-28 02:08:29","2001-01-28 02:08:29"
"kSNMcS94rMSEXmHsQJdjpW","健やかお酢","","2208","Food","2009-09-12 08:27:19","2009-09-12 08:27:19"
"ywc8m5sYnFto8QhwnpibLZ","高級オリーブオイル","","5522","Food","2004-08-24 19:01:37","2004-08-24 19:01:37"
"q8wBQnKmsNWhB4566zwxpH","健やかジャム","","953","Food","2003-05-23 08:21:46","2003-05-23 08:21:46"
"Yu6TzUsHs9VFrkiqS3ZHZG","からだにやさしい豆乳","","7735","Food","2005-06-30 15:06:26","2005-06-30 15:06:26"
"g2XRSMHXwPieVmXsV8bpB","エクストラ緑茶","","6382","Food","2010-11-27 21:24:43","2010-11-27 21:24:43"
"ZxJxEoyhJkA33jGc2QjNUX","極上チーズ","","3740","Food","2007-05-30 15:12:27","2007-05-30 15:12:27"
"wukboLmkxzfU68rHTbJTdc","高級コーヒー牛乳","","5350","Food","2000-07-04 21:53:10","2000-07-04 21:53:10"
"d9moM9JmdX2gkR5s6rwgXk","熟成マーガリン","","1265","Food","2010-11-15 16:48:47","2010-11-15 16:48:47"
"yLxq7vGE56mqZFNZekNBnP","デラックス抹茶","","9075","Food","2010-03-27 10:53:31","2010-03-27 10:53:31"
"SPbomAuHi6P5AYLfGoP7UM","今までなかった紅茶","","6992","Food","2006-10-01 22:01:38","2006-10-01 22:01:38"
"47BUX4LYkhWP5j4PkpbLxP","オリジナル塩","","2379","Food","2010-03-09 17:52:38","2010-03-09 17:52:38"
"5GDLrTzGbRTgrnYEh2XAbg","大自然がくれたコーヒー","","2592","Food","2008-09-10 04:38:31","2008-09-10 04:38:31"
"3qgXyDhy6DYaJB8XXJup5Q","最高級粉チーズ","","8222","Food","2005-03-27 23:18:17","2005-03-27 23:18:17"
"qhQ7WRCAfnQXkDhdU6Z84V","ミルキーチョコレート","","5520","Food","2000-02-22 13:16:01","2000-02-22 13:16:01"
"2Q58x5VGRWs6rbqxxj4iKH","みんなのスライスチーズ","","4855","Food","2009-12-10 12:59:52","2009-12-10 12:59:52"
"3urvBdggtSBmFEfVZYmPjc","料理用お酢","","4601","Food","2000-05-20 08:56:44","2000-05-20 08:56:44"
"JLoksheuMA9qKzYxyV68sX","からだよろこぶウーロン茶","","479","Food","2000-10-22 20:49:40","2000-10-22 20:49:40"
"QMFfKPES3PiaBmehvvyzRi","極旨牛乳","","4638","Food","2002-01-03 19:31:21","2002-01-03 19:31:21"
"exrne3EtdZNK2wAoMpazuD","徳用ガーリック","","3079","Food","2010-06-11 19:07:03","2010-06-11 19:07:03"
"z7XAvT8CT9RGMo6CkkR7N4","健康オリーブオイル","","6412","Food","2004-06-15 11:37:06","2004-06-15 11:37:06"
"RpNaURHCVyzm44jSKXHtWm","デリシャスお茶","","9134","Food","2008-05-01 22:05:12","2008-05-01 22:05:12"
"MtYUK4D3LzQF6MHD7EfeRF","プレミアムミネラルウォーター","","8029","Food","2007-10-08 13:21:00","2007-10-08 13:21:00"
"dZn6SHtefxXyr6koyZr7J4","天然バター","","6354","Food","2003-05-27 04:01:16","2003-05-27 04:01:16"
"NJrTfEABwZEJJ9xnPHwE8K","ヘルシー牛乳","","3692","Food","2003-12-02 23:49:29","2003-12-02 23:49:29"
"4uhHSN8zVTHkXyxrVfkXVB","大自然のチョコレート","","8134","Food","2006-07-13 18:17:28","2006-07-13 18:17:28"
"nE4eNAQ4RxxquZFtWkSoiM","奇跡のオリーブオイル","","8136","Food","2010-02-06 20:30:53","2010-02-06 20:30:53"
"rCHspSbfFcw6emRcsqwLCj","おいしい緑茶","","4879","Food","2007-09-18 15:42:41","2007-09-18 15:42:41"
"5gtKDJugvAGvxkzLgfFrUN","フレッシュウーロン茶","","5669","Food","2006-11-18 13:06:47","2006-11-18 13:06:47"
"6Y7miB3vRrRYvNNbVz33hh","純正お茶","","6048","Food","2008-06-21 13:51:17","2008-06-21 13:51:17"
"Pq2NuJaGSBSSZuxLrk7YtX","奇跡のマーガリン","","5333","Food","2002-02-11 20:02:41","2002-02-11 20:02:41"
"D8c7r5s4NqkUYLo3UdFi8A","最高級スライスチーズ","","8737","Food","2001-05-01 07:55:14","2001-05-01 07:55:14"
"Yi4kjahF95TeGV2uggeeR4","極上コーヒー","","579","Food","2006-03-25 06:19:55","2006-03-25 06:19:55"
"KUokmvJUEYDQNGWnT9K9g8","純正ウーロン茶","","7700","Food","2004-03-09 14:56:41","2004-03-09 14:56:41"
"GYb3D5ocWs7SUJXYjd2PfT","みんなのバター","","2337","Food","2009-11-05 02:03:28","2009-11-05 02:03:28"
"JJRDXcs9wA6f7pMTxwMQpQ","純正緑茶","","8549","Food","2005-09-11 20:28:58","2005-09-11 20:28:58"
"jD4g3tnmTDXJP3PtFKZdT6","みんなのコーヒー牛乳","","5751","Food","2000-05-31 19:06:59","2000-05-31 19:06:59"
"yvGMg7BbYkTsZsEX26BxSZ","大自然がくれたチョコレート","","5607","Food","2010-08-12 19:41:16","2010-08-12 19:41:16"
"RATKkLcLZLakAg8pviX86m","オリジナル豆乳","","347","Food","2002-03-12 16:44:03","2002-03-12 16:44:03"
"BmJfPr8QdkHvUsj73EehMS","からだにやさしい牛乳","","8562","Food","2005-05-02 09:39:27","2005-05-02 09:39:27"
"k7McJPBCtuYM9YN8TGqUhV","おいしいウーロン茶","","5821","Food","2004-09-19 12:21:10","2004-09-19 12:21:10"
"TqzFVDU74fMVDmzEeqZ2kA","高級チーズ","","389","Food","2007-03-25 21:54:50","2007-03-25 21:54:50"
"ZmPwiCk5NYgMPogrETcm73","極上緑茶","","995","Food","2005-04-05 03:05:32","2005-04-05 03:05:32"
"BeyAycuRT9nphMeKnHqqvh","ヘルシージャム","","5725","Food","2004-01-31 20:05:54","2004-01-31 20:05:54"
"UuQqq6Bznnh5g5wUParrP9","みんなのスライスチーズ","","2329","Food","2000-01-31 02:38:59","2000-01-31 02:38:59"
"NmvYjg2efW8BFtJRygNGTo","みんなのコーヒー牛乳","","1465","Food","2000-08-25 13:58:11","2000-08-25 13:58:11"
"G2mc9Y2riMSrwYVZTwn89F","熟成コーヒー","","8478","Food","2001-06-28 23:45:55","2001-06-28 23:45:55"
"3gMcpBtUK3CssBLvVMftRe","ヘルシーお酢","","1851","Food","2005-11-17 11:35:34","2005-11-17 11:35:34"
"MtWUF62cjxFcxyKmQ5LAqZ","からだよろこぶミネラルウォーター","","981","Food","2009-07-07 16:47:10","2009-07-07 16:47:10"
"8R7TpFT4GixXk7j8huY9jm","健やかお茶","","3591","Food","2000-02-13 22:56:48","2000-02-13 22:56:48"
"fLEkzJLgDPVpQariU44ddd","フレッシュスライスチーズ","","6898","Food","2010-01-02 13:44:09","2010-01-02 13:44:09"
"3p4q4znS5DjWNuqD7gZiqb","純正オリーブオイル","","3994","Food","2002-03-09 15:56:54","2002-03-09 15:56:54"
"jUvWsVT6YvoRFy9RUbECpL","極旨コーヒー牛乳","","1697","Food","2008-09-13 15:15:03","2008-09-13 15:15:03"
"JhrxCPrYMyGZGZwoJa2anX","おいしいミネラルウォーター","","5909","Food","2010-03-10 21:58:44","2010-03-10 21:58:44"
"S5bEtfk9NKRJDYptdHwyDg","料理用チョコレート","","6612","Food","2003-12-03 16:49:05","2003-12-03 16:49:05"
"8kKVNds5uBaWM2cCS5ZCAk","デリシャススライスチーズ","","8106","Food","2009-05-26 22:28:29","2009-05-26 22:28:29"
"kmFPCvC3GQ4XushntKNckT","からだよろこぶミネラルウォーター","","1838","Food","2009-03-30 23:05:42","2009-03-30 23:05:42"
"gJPBsVSs562eXfHQ36ZPmA","からだよろこぶミネラルウォーター","","201","Food","2001-02-01 19:51:39","2001-02-01 19:51:39"
"jEnWWBRnb83RqE9kv5TnRo","高級豆乳","","8659","Food","2005-07-01 12:52:36","2005-07-01 12:52:36"
"Qsh25jayPzaFzD8f6vY8JJ","高級粉チーズ","","74","Food","2005-07-06 01:18:43","2005-07-06 01:18:43"
"9ePqb4S9k7kzVGcSEkhzrj","からだよろこぶお酢","","2430","Food","2004-07-13 23:22:21","2004-07-13 23:22:21"
"YN9UWmWVc52Qm8CWgwgyB","フレッシュ緑茶","","2471","Food","2004-07-15 10:44:16","2004-07-15 10:44:16"
"8cAsXftdgfpeunmvmBjNoW","料理用ガーリック","","4998","Food","2005-01-24 08:49:21","2005-01-24 08:49:21"
"gZSpQwqLwBucL8uAjMTRC","最高級粉チーズ","","1740","Food","2009-09-08 09:28:58","2009-09-08 09:28:58"
"zQiTvySix9zxnPFsBjRW9R","ミルキー塩","","4826","Food","2007-03-08 21:05:35","2007-03-08 21:05:35"
"zKX2WB4mrZCMmmmDgExtBh","オリジナルジャム","","8006","Food","2010-09-17 13:45:23","2010-09-17 13:45:23"
"wNtHzvZ9FfqN7DTTnbNQyk","からだにやさしい抹茶","","5268","Food","2001-03-26 05:54:53","2001-03-26 05:54:53"
"JAo56PqT7J8hQhz6Xz22cn","料理用ガーリック","","8261","Food","2000-07-22 00:53:34","2000-07-22 00:53:34"
"ocDS7p9onWtf4X2F9Gmabb","エクストラ豆乳","","4043","Food","2006-08-10 21:21:19","2006-08-10 21:21:19"
"GKksJ7oN7aVs25rmgxAzPS","デラックス抹茶","","1981","Food","2004-07-26 18:52:25","2004-07-26 18:52:25"
"UXUnJDMzY242pjLa9gdFub","からだにやさしいお酢","","7496","Food","2007-12-23 13:39:49","2007-12-23 13:39:49"
"r6zuR6nK9Hf35Lzk3VWVHG","みんなのチーズ","","5715","Food","2009-12-08 03:33:13","2009-12-08 03:33:13"
"GUVzwj2yBbDZFdBrZBopzT","最高級チーズ","","5078","Food","2009-03-19 22:48:58","2009-03-19 22:48:58"
"LVKpVRSdvREkbj9qH4w8Tg","からだにやさしいコーヒー牛乳","","4792","Food","2008-07-02 18:00:38","2008-07-02 18:00:38"
"fkvPSwdHhioE7N6Ate8E8m","極上ジャム","","8889","Food","2010-12-30 22:42:48","2010-12-30 22:42:48"
"xY566gVs69X8uyrTeqEd4T","エクストラウーロン茶","","6913","Food","2006-05-18 22:02:26","2006-05-18 22:02:26"
"LkX5SGjepbavmkb2nd4WFm","純正マーガリン","","5034","Food","2009-10-25 10:37:45","2009-10-25 10:37:45"
"g4gtM8tJmfUhLVWxapizJM","高級スライスチーズ","","4443","Food","2001-11-11 14:25:42","2001-11-11 14:25:42"
"CfxysKcPWW9wCxBmUnnjeb","からだよろこぶ牛乳","","5493","Food","2002-07-22 14:34:53","2002-07-22 14:34:53"
"RwFfpBxEXWwZtpYwn8Q3TD","大自然の抹茶","","849","Food","2010-11-15 10:51:26","2010-11-15 10:51:26"
"PMtMDqsMEXkNoQyFYYWL8n","純正牛乳","","2414","Food","2010-05-08 04:11:59","2010-05-08 04:11:59"
"Snz9Rxab985fxXmAUvRjvN","からだよろこぶ紅茶","","532","Food","2008-07-07 23:06:29","2008-07-07 23:06:29"
"VD7bQ7vkMPf5iLJJ8LnSQm","エクストラお酢","","8029","Food","2008-10-25 07:32:37","2008-10-25 07:32:37"
"DCcWPdoJNZX2V4MjpqBqP4","からだよろこぶ抹茶","","2265","Food","2005-04-19 00:43:31","2005-04-19 00:43:31"
"kzQQgtF7VfFxnZrFUqhHZm","純正バター","","3645","Food","2006-09-10 19:02:18","2006-09-10 19:02:18"
"8VnF6FmCqZ5BREAoLSczgJ","健やかチョコレート","","8165","Food","2005-01-22 14:46:13","2005-01-22 14:46:13"
"k8HqbXnwpakvp7BVRuqcB5","デリシャスコーヒー","","2968","Food","2008-07-08 23:20:36","2008-07-08 23:20:36"
"ywM8k5dJiComfJPGtymSsU","健康チョコレート","","6549","Food","2001-10-04 02:17:34","2001-10-04 02:17:34"
"fQXS8Fwx3YKNjmA4BGFa39","純正スライスチーズ","","7103","Food","2009-06-23 12:26:01","2009-06-23 12:26:01"
"uWnadsVvBw3X3SRjrAfDji","プレミアム塩","","4736","Food","2008-12-23 13:40:44","2008-12-23 13:40:44"
"uESbMMsugL4YdJJNy3fZYR","からだよろこぶお茶","","2308","Food","2006-02-12 23:02:58","2006-02-12 23:02:58"
"7VWszrWhR5g5BDB7k4ifRE","健やかコーヒー牛乳","","3883","Food","2007-01-19 05:40:11","2007-01-19 05:40:11"
"iqAL4WEr5tMAKMj232jTTk","天然バター","","761","Food","2008-06-16 20:58:28","2008-06-16 20:58:28"
"nbZocfZvUafMBmFD7vhkj9","オリジナルチョコレート","","5791","Food","2001-10-25 09:52:21","2001-10-25 09:52:21"
"y23QtrR7AAzq2CZQFWt5EF","今までなかったコーヒー","","8301","Food","2003-02-19 22:19:29","2003-02-19 22:19:29"
"BhbNwnRgkQ3H8YH2oFZGBf","みんなの豆乳","","1009","Food","2003-09-20 12:43:31","2003-09-20 12:43:31"
"gNzPN9fm3Guky4LNKKWxFS","極上オリーブオイル","","2029","Food","2008-01-12 04:17:27","2008-01-12 04:17:27"
"sbR5QGcYNBqBpXyQLuYXsD","最高級コーヒー牛乳","","1128","Food","2002-01-24 21:57:28","2002-01-24 21:57:28"
"XBZ3NrQh9XvNqsPxpkVf5C","おいしいお酢","","8927","Food","2010-09-27 13:58:12","2010-09-27 13:58:12"
"NZ6AJfJxEFk3eknMBD89N3","デラックスコーヒー牛乳","","4178","Food","2001-04-24 08:34:28","2001-04-24 08:34:28"
"YaTtgetLXNiFe9xbMY5HUP","おいしい抹茶","","6172","Food","2002-11-13 04:26:09","2002-11-13 04:26:09"
"SzgfshzLA6Dot7PvQzoXvL","プレミアム紅茶","","9221","Food","2000-03-17 09:08:32","2000-03-17 09:08:32"
"J8kpi5v9inrDBsYMY8M444","ヘルシー紅茶","","1824","Food","2008-04-02 23:16:04","2008-04-02 23:16:04"
"8994CwwwNALH4RnqGPDnYA","天然マーガリン","","2537","Food","2000-11-02 01:46:27","2000-11-02 01:46:27"
"unBDR7sUb4XhmRo6etZ4JV","からだにやさしいチーズ","","394","Food","2007-01-26 18:52:12","2007-01-26 18:52:12"
"xBiJC93naJVwN5rdLDvj4D","今までなかったコーヒー牛乳","","3075","Food","2007-03-24 08:24:28","2007-03-24 08:24:28"
"GLhrgerpbfktfx9iaXYmpJ","高級お酢","","8169","Food","2010-06-08 19:11:02","2010-06-08 19:11:02"
"sqWqkV43ya9dnY8oA4cNTP","ミルキー抹茶","","7267","Food","2003-11-19 00:26:15","2003-11-19 00:26:15"
"4EmdHoCdpj5dQ7M9LswLd9","フレッシュ豆乳","","6660","Food","2003-12-02 03:56:13","2003-12-02 03:56:13"
"wL9RkeA8wM5QSj7iUKRQq4","熟成ガーリック","","9217","Food","2001-12-11 11:12:08","2001-12-11 11:12:08"
"Kfv6kcMvWKgmWhvCLCvVwn","エクストラチョコレート","","8504","Food","2004-06-25 21:48:53","2004-06-25 21:48:53"
"nsS42edGUJFZMrSQvejFPJ","オリジナルミネラルウォーター","","4809","Food","2005-01-11 02:06:48","2005-01-11 02:06:48"
"vLfAEhzd8FJRDmJv6TT2Nh","デラックス紅茶","","5932","Food","2005-11-09 17:09:59","2005-11-09 17:09:59"
"wGnKBMtUdDBEEbEh8LopMK","徳用スライスチーズ","","3413","Food","2001-12-14 01:26:59","2001-12-14 01:26:59"
"9L8NFtYdYZAzrrzLL9yRVm","健やかジャム","","2663","Food","2007-07-08 02:25:37","2007-07-08 02:25:37"
"cuPKB9w8untcb4kRoieH7m","からだよろこぶ粉チーズ","","242","Food","2000-04-07 11:45:27","2000-04-07 11:45:27"
"tS7xGAmCHn9qvNDU7WWkhA","デリシャスバター","","6893","Food","2002-12-12 01:01:29","2002-12-12 01:01:29"
"tGTJ6nLkxuDuC7pfLc8zJX","みんなのお茶","","3722","Food","2006-05-18 08:39:09","2006-05-18 08:39:09"
"JxMnwksaJ8GvYbXspuYYg4","大自然がくれたオリーブオイル","","278","Food","2000-02-11 19:37:15","2000-02-11 19:37:15"
"4PuBoNhAF3tWipvQKQSgYR","奇跡の牛乳","","1841","Food","2008-03-21 13:47:52","2008-03-21 13:47:52"
"Cd9YV6MM9Su348ooDYDivN","大自然の塩","","3220","Food","2004-06-01 03:44:04","2004-06-01 03:44:04"
"CQid6gkSoFaY5Rx9YVmek8","ヘルシーコーヒー","","6943","Food","2008-12-15 04:16:13","2008-12-15 04:16:13"
"kFKLDBiCtKGZEWJxpBUpAW","料理用ウーロン茶","","3956","Food","2002-11-25 08:09:04","2002-11-25 08:09:04"
"aMHuPg9hhsBjP42rs8pz7R","極上緑茶","","2670","Food","2005-08-13 10:56:34","2005-08-13 10:56:34"
"qmp4TyPr5TRVGwUSnaZbVP","最高級抹茶","","4856","Food","2010-02-16 15:45:18","2010-02-16 15:45:18"
"5fAdgZSf4GMsdAmycZXvVH","プレミアム粉チーズ","","2993","Food","2008-10-13 16:24:38","2008-10-13 16:24:38"
"9EucqhAidqP48bFeE42pz4","極旨バター","","7881","Food","2008-01-02 00:03:32","2008-01-02 00:03:32"
"TSwqDea8vLn8U852mZuRgP","純正抹茶","","5769","Food","2008-02-04 22:51:21","2008-02-04 22:51:21"
"cg96dwbecxgbkTAYRzbmci","健康ジャム","","114","Food","2010-05-02 18:01:39","2010-05-02 18:01:39"
"tQtnGCBG5rtfPCnWSBQpj7","おいしいオリーブオイル","","5253","Food","2008-10-27 00:54:26","2008-10-27 00:54:26"
"uBQVd72AVVHPfsYAZLagRR","高級ガーリック","","8844","Food","2006-09-20 03:40:06","2006-09-20 03:40:06"
"mNraWp69cmfsV5vgiKndZ7","ミルキーバター","","5530","Food","2003-07-18 18:18:00","2003-07-18 18:18:00"
"3eD5SNc2BE4m6uxVoNbnnC","みんなのコーヒー牛乳","","1118","Food","2005-11-23 11:01:38","2005-11-23 11:01:38"
"V9TbYxqR57YqfxduCqApTe","最高級抹茶","","3237","Food","2002-05-24 12:46:17","2002-05-24 12:46:17"
"nQ7rGrYjwq5WHfQFcDWsEa","からだよろこぶバター","","3891","Food","2007-06-15 07:07:01","2007-06-15 07:07:01"
"TkM25BvxooXxjyuvvDGGTg","デリシャスジャム","","4892","Food","2007-03-29 14:47:29","2007-03-29 14:47:29"
"ArFepeNLaqumgyHtcRDyxF","料理用バター","","2209","Food","2010-07-02 16:19:48","2010-07-02 16:19:48"
"6nHgBeJnbnGQNC8EvBee6G","純正スライスチーズ","","294","Food","2006-11-01 19:18:28","2006-11-01 19:18:28"
"LTQ4HfajGaZ324FpRFF7v6","からだよろこぶジャム","","6933","Food","2010-11-10 20:34:16","2010-11-10 20:34:16"
"JPszVzHscxUHe2W48EGmDf","高級抹茶","","3784","Food","2005-07-25 04:37:11","2005-07-25 04:37:11"
"eLQQyaH3FRBU2V8vcmyPjY","おいしいスライスチーズ","","5954","Food","2004-07-03 20:54:06","2004-07-03 20:54:06"
"nsf7nqK7Dht7qzBsoEwz4E","大自然のお茶","","6904","Food","2008-02-24 07:16:41","2008-02-24 07:16:41"
"PWLGDZXGLa9b8PqjJ8Caqn","からだよろこぶチョコレート","","5470","Food","2005-01-08 01:55:17","2005-01-08 01:55:17"
"AZyCjyQsX6ki7bDBQWrs4D","大自然がくれた塩","","8856","Food","2003-11-04 12:46:31","2003-11-04 12:46:31"
"s5f6RwrsXCfNiYAnck2Smn","健やかウーロン茶","","3200","Food","2010-12-03 02:45:55","2010-12-03 02:45:55"
"mDppKS8KwFzaUQwdkFaPwS","みんなの抹茶","","2479","Food","2000-10-13 01:05:11","2000-10-13 01:05:11"
"LrHYeXoUkEmiDSM3ZnoQSd","奇跡の抹茶","","2422","Food","2008-03-21 00:24:53","2008-03-21 00:24:53"
"LEeh9kUayZUu5L5GVdzzwV","高級紅茶","","6317","Food","2005-12-12 23:02:09","2005-12-12 23:02:09"
"fMMdfzW5S7AGh5XnzqghZZ","高級マーガリン","","2102","Food","2000-09-16 09:22:06","2000-09-16 09:22:06"
"kFD2hk6A6U7xTCrKxCJ998","徳用抹茶","","6642","Food","2007-12-09 04:06:26","2007-12-09 04:06:26"
"tuY538qUSxedofUWbkvSDX","純正バター","","5753","Food","2010-01-04 22:39:18","2010-01-04 22:39:18"
"HSutY3DmEPksmsc8gY6ZwT","極旨塩","","6637","Food","2003-05-31 19:14:43","2003-05-31 19:14:43"
"H4vsAbZFBumZWEQ7iUvVAW","ヘルシーチョコレート","","7132","Food","2009-09-21 00:27:39","2009-09-21 00:27:39"
"VGSzhyBEzfAwR2Z8kpCdxN","大自然のウーロン茶","","8172","Food","2007-04-14 22:12:29","2007-04-14 22:12:29"
"3WkAqGtwWZ6HXgZDCyWXv7","からだよろこぶお茶","","3042","Food","2004-01-03 13:52:01","2004-01-03 13:52:01"
"r6ib3t2CAACNRD6gDUdzpF","純正紅茶","","1932","Food","2003-12-31 06:01:12","2003-12-31 06:01:12"
"ULHrdUkvrofQJVNgxHGZSi","天然バター","","7077","Food","2009-07-30 03:57:24","2009-07-30 03:57:24"
"psywVF2r7pAUsg7WrG3s79","プレミアムオリーブオイル","","2831","Food","2007-07-21 12:32:31","2007-07-21 12:32:31"
"8ZCgG6yM8vU5cppoQAbwYM","徳用紅茶","","2307","Food","2004-04-07 15:59:40","2004-04-07 15:59:40"
"Men2bGMgMmxPrdDRVSEQkP","高級紅茶","","4333","Food","2002-11-23 18:16:56","2002-11-23 18:16:56"
"iCKUNH5inUgmMxuJ6a3RvP","からだよろこぶジャム","","5582","Food","2002-01-19 20:29:16","2002-01-19 20:29:16"
"CCmwjYdNXNagSp7EJtJqE9","高級ガーリック","","905","Food","2009-07-12 02:24:15","2009-07-12 02:24:15"
"ixgbhLLzPGjhBBFRBkvmm3","奇跡のバター","","9082","Food","2005-10-01 16:58:28","2005-10-01 16:58:28"
"NdX2fm9Hxiaz7GXeUX83GA","オリジナルお酢","","5459","Food","2003-06-30 09:00:41","2003-06-30 09:00:41"
"HhC2QY4oDdnwjsNPyz6WmC","熟成紅茶","","1095","Food","2000-03-22 14:12:22","2000-03-22 14:12:22"
"4ixyhg2vaEJ2eZofecQAjX","高級牛乳","","7688","Food","2007-12-26 21:54:03","2007-12-26 21:54:03"
"YFvSeuFG2j3gcFizdSp3Xd","からだにやさしいお酢","","3264","Food","2005-08-20 16:57:13","2005-08-20 16:57:13"
"kHFfTBLZuSDYpbS7bcoPJB","高級塩","","7376","Food","2007-03-05 17:32:59","2007-03-05 17:32:59"
"8pcmNZMMxsnASmwX63sBPN","プレミアムお茶","","6383","Food","2007-05-03 23:19:08","2007-05-03 23:19:08"
"rpD7rzQ3fRibp3DD7cXpaW","大自然のコーヒー牛乳","","5891","Food","2006-12-26 18:27:48","2006-12-26 18:27:48"
"xDH6Z88fmj2WuJ3PoS2cgm","徳用チーズ","","7266","Food","2000-07-25 01:55:27","2000-07-25 01:55:27"
"PiyN8ZDagyDEQh9Z8BNWu7","ミルキー粉チーズ","","694","Food","2000-09-15 14:05:55","2000-09-15 14:05:55"
"jyw8mg9wM72acxCAczW7PQ","高級お酢","","9074","Food","2002-08-28 09:22:27","2002-08-28 09:22:27"
"RyVqg3qRgXCYRvx33f9Qon","大自然の緑茶","","824","Food","2002-11-08 15:32:52","2002-11-08 15:32:52"
"mH3CHEhTGrMpAKGKdqv5Gc","プレミアム豆乳","","7280","Food","2001-03-28 04:53:17","2001-03-28 04:53:17"
"H2CfCL7xokzqJ5KkE2BLzS","ヘルシーウーロン茶","","6890","Food","2000-12-26 21:16:01","2000-12-26 21:16:01"
"tcRirmWmwrcwgKifTq9giA","ヘルシーコーヒー牛乳","","1626","Food","2004-04-30 23:14:17","2004-04-30 23:14:17"
"4EGySqNofzS4ZThVwwyab7","おいしいオリーブオイル","","9157","Food","2003-12-30 07:49:09","2003-12-30 07:49:09"
"iRKPezAkJQ54XWMZVFwxtH","大自然の抹茶","","1342","Food","2010-12-15 17:37:17","2010-12-15 17:37:17"
"utdLbJZRFoiBRVLw8NcEoH","高級紅茶","","44","Food","2003-08-09 09:03:30","2003-08-09 09:03:30"
"NggBbAq27T9rE3b7NRHvXZ","健康チーズ","","2981","Food","2001-04-27 04:48:29","2001-04-27 04:48:29"
"geMXfWwPNzFPLrewZ4Ybkj","料理用ジャム","","4033","Food","2001-03-06 06:32:38","2001-03-06 06:32:38"
"dVKhCda4KLEHnWi7E7UpjV","デリシャス豆乳","","2415","Food","2004-07-26 06:50:13","2004-07-26 06:50:13"
"pnmvMFroPz69okvFqqFqhe","みんなの緑茶","","6148","Food","2005-06-26 02:39:34","2005-06-26 02:39:34"
"rAyuCtXREzJ4sYJb6UhCX4","天然チョコレート","","6442","Food","2001-09-07 07:02:08","2001-09-07 07:02:08"
"n32d9yKRsEpNwfcFmFL9H9","健康コーヒー","","2899","Food","2006-02-26 02:30:57","2006-02-26 02:30:57"
"hn9WMiiTZ8KLen6ZSsz8Q7","健やか抹茶","","4380","Food","2007-10-06 15:56:08","2007-10-06 15:56:08"
"Ebz5ekwbYnUkPKft2v8RPb","極旨チーズ","","3436","Food","2008-07-15 15:57:40","2008-07-15 15:57:40"
"MFFVCxU3EWSKL9kr7BELH4","健やか牛乳","","5239","Food","2008-08-25 10:41:28","2008-08-25 10:41:28"
"S5pCeQmS7TB8mgvf6uuXC3","プレミアムミネラルウォーター","","2389","Food","2009-02-16 02:16:11","2009-02-16 02:16:11"
"D6bcF8GS9EkTbLQ6Fi9aqa","料理用抹茶","","6037","Food","2002-10-30 05:24:22","2002-10-30 05:24:22"
"XMyHHGsZxJDKaTbfm88UkU","プレミアム牛乳","","45","Food","2006-11-02 01:11:16","2006-11-02 01:11:16"
"rAPWhupJnz8xaHFPdteC4j","エクストラ牛乳","","2564","Food","2009-11-25 12:44:52","2009-11-25 12:44:52"
"qfdpJuTmMi3GEm8W84yANL","奇跡の粉チーズ","","8502","Food","2004-08-01 02:02:46","2004-08-01 02:02:46"
"Nct7kabR6KyJERhLh6NNwX","純正塩","","3008","Food","2004-09-23 21:11:16","2004-09-23 21:11:16"
"uo2mBqSpa6P47fNc44t9FR","熟成オリーブオイル","","187","Food","2002-03-22 17:48:51","2002-03-22 17:48:51"
"a4seEHFcGvwWjkwR9CvELT","奇跡のコーヒー","","8096","Food","2008-07-29 18:11:51","2008-07-29 18:11:51"
"poQa3CniV4WysTAF7aaK2i","大自然がくれたチョコレート","","8106","Food","2006-07-18 13:57:34","2006-07-18 13:57:34"
"FqGM9Bxxpx5JvhdVZvN8JF","極上塩","","7692","Food","2003-03-21 13:12:52","2003-03-21 13:12:52"
"dvM2NLK97XTmMoyVCwb26b","純正マーガリン","","2247","Food","2010-10-24 11:28:04","2010-10-24 11:28:04"
"hhGej9juXCXmuPbkfmrGxK","大自然のジャム","","7783","Food","2008-12-02 00:33:07","2008-12-02 00:33:07"
"z3xwrzsCm5pRFxVXLruZS8","おいしいジャム","","6779","Food","2004-03-08 17:11:45","2004-03-08 17:11:45"
"3JecdAn8feobkRFmxBeckQ","ヘルシーミネラルウォーター","","5255","Food","2008-12-14 04:41:17","2008-12-14 04:41:17"
